name,portrait_url,game,gender,weapon,starting_class,movement_type,hair_color,is_active,promotion_tier
Marth,,Shadow Dragon|New Mystery of the Emblem,Male,Sword,Lord,Infantry,Blue,TRUE,Unique
Abel,,Shadow Dragon|New Mystery of the Emblem,Male,Sword|Lance,Cavalier,Cavalry,Green,TRUE,Unpromoted
Frey,,Shadow Dragon|New Mystery of the Emblem,Male,Sword|Lance,Cavalier,Cavalry,Blue,TRUE,Unpromoted
Jagen,,Shadow Dragon,Male,Sword|Lance,Paladin,Cavalry,Gray,TRUE,Promoted
Cain (Shadow Dragon),,Shadow Dragon|New Mystery of the Emblem,Male,Sword|Lance,Cavalier,Cavalry,Red,TRUE,Unpromoted
Gordin,,Shadow Dragon|New Mystery of the Emblem,Male,Bow,Archer,Infantry,Green,TRUE,Unpromoted
Draug,,Shadow Dragon|New Mystery of the Emblem,Male,Lance,Knight,Armored,Green,TRUE,Unpromoted
Norne,,Shadow Dragon|New Mystery of the Emblem,Female,Bow,Archer,Infantry,Red,TRUE,Unpromoted
Caeda,,Shadow Dragon|New Mystery of the Emblem,Female,Lance,Pegasus Knight,Flying,Blue,TRUE,Unpromoted
Wrys,,Shadow Dragon|New Mystery of the Emblem,Male,Staff,Curate,Infantry,Bald,TRUE,Unpromoted
Ogma,,Shadow Dragon|New Mystery of the Emblem,Male,Sword,Mercenary,Infantry,Yellow,TRUE,Unpromoted
Barst,,Shadow Dragon|New Mystery of the Emblem,Male,Axe,Fighter,Infantry,Blue,TRUE,Unpromoted
Bord,,Shadow Dragon|New Mystery of the Emblem,Male,Axe,Fighter,Infantry,Brown,TRUE,Unpromoted
Cord,,Shadow Dragon|New Mystery of the Emblem,Male,Axe,Fighter,Infantry,Brown,TRUE,Unpromoted
Darros,,Shadow Dragon|New Mystery of the Emblem,Male,Axe,Pirate,Infantry,Bald,TRUE,Unpromoted
Castor,,Shadow Dragon|New Mystery of the Emblem,Male,Bow,Hunter,Infantry,Blue,TRUE,Unpromoted
Julian,,Shadow Dragon|New Mystery of the Emblem,Male,Sword,Thief,Infantry,Red,TRUE,Unpromoted
Lena,,Shadow Dragon|New Mystery of the Emblem,Female,Staff,Cleric,Infantry,Red,TRUE,Unpromoted
Navarre,,Shadow Dragon|New Mystery of the Emblem,Male,Sword,Myrmidon,Infantry,Black,TRUE,Unpromoted
Merric,,Shadow Dragon|New Mystery of the Emblem,Male,Tome,Mage,Infantry,Green,TRUE,Unpromoted
Matthis,,Shadow Dragon|New Mystery of the Emblem,Male,Sword|Lance,Cavalier,Cavalry,Pink,TRUE,Unpromoted
Wolf,,Shadow Dragon|New Mystery of the Emblem,Male,Sword|Bow,Horseman,Cavalry,Purple,TRUE,Promoted
Sedgar,,Shadow Dragon|New Mystery of the Emblem,Male,Sword|Bow,Horseman,Cavalry,Green,TRUE,Promoted
Roshea,,Shadow Dragon|New Mystery of the Emblem,Male,Sword|Lance,Cavalier,Cavalry,Purple,TRUE,Unpromoted
Vylant,,Shadow Dragon|New Mystery of the Emblem,Male,Sword|Lance,Cavalier,Cavalry,Red,TRUE,Unpromoted
Hardin,,Shadow Dragon,Male,Sword|Lance,Cavalier,Cavalry,Brown,TRUE,Unpromoted
Wendell,,Shadow Dragon|New Mystery of the Emblem,Male,Tome|Staff,Sage,Infantry,White,TRUE,Promoted
Rickard,,Shadow Dragon|New Mystery of the Emblem,Male,Sword,Thief,Infantry,Blue,TRUE,Unpromoted
Athena,,Shadow Dragon|New Mystery of the Emblem,Female,Sword,Myrmidon,Infantry,Black,TRUE,Unpromoted
Bantu,,Shadow Dragon|New Mystery of the Emblem,Male,Dragonstone,Manakete,Infantry,Bald,TRUE,Unique
Caesar,,Shadow Dragon|New Mystery of the Emblem,Male,Sword,Mercenary,Infantry,Yellow,TRUE,Unpromoted
Radd,,Shadow Dragon|New Mystery of the Emblem,Male,Sword,Myrmidon,Infantry,Red,TRUE,Unpromoted
Roger,,Shadow Dragon|New Mystery of the Emblem,Male,Lance,Knight,Armored,Pink,TRUE,Unpromoted
Jeorge,,Shadow Dragon|New Mystery of the Emblem,Male,Bow,Sniper,Infantry,Yellow,TRUE,Promoted
Maria,,Shadow Dragon|New Mystery of the Emblem,Female,Staff,Cleric,Infantry,Red,TRUE,Unpromoted
Minerva,,Shadow Dragon|New Mystery of the Emblem,Female,Lance|Axe,Dracoknight,Flying,Red,TRUE,Promoted
Linde,,Shadow Dragon|New Mystery of the Emblem,Female,Tome,Mage,Infantry,Brown,TRUE,Unpromoted
Jake,,Shadow Dragon|New Mystery of the Emblem,Male,Ballista,Ballistician,Ballistician,Purple,TRUE,Unique
Dolph,,Shadow Dragon|New Mystery of the Emblem,Male,Lance,Knight,Armored,Bald,TRUE,Unpromoted
Macellan,,Shadow Dragon|New Mystery of the Emblem,Male,Lance,Knight,Armored,Bald,TRUE,Unpromoted
Tomas,,Shadow Dragon|New Mystery of the Emblem,Male,Bow,Archer,Infantry,Green,TRUE,Unpromoted
Boah,,Shadow Dragon,Male,Tome|Staff,Bishop,Infantry,White,TRUE,Promoted
Midia,,Shadow Dragon|New Mystery of the Emblem,Female,Sword|Lance,Paladin,Cavalry,Blue,TRUE,Promoted
Horace,,Shadow Dragon|New Mystery of the Emblem,Male,Lance|Bow,General,Armored,Blue,TRUE,Promoted
Beck,,Shadow Dragon|New Mystery of the Emblem,Male,Ballista,Ballistician,Ballistician,Brown,TRUE,Unique
Astram,,Shadow Dragon|New Mystery of the Emblem,Male,Sword|Axe,Hero,Infantry,Yellow,TRUE,Promoted
Catria,,Shadow Dragon|New Mystery of the Emblem|Echoes: Shadows of Valentia,Female,Lance,Pegasus Knight,Flying,Blue,TRUE,Unpromoted
Palla,,Shadow Dragon|New Mystery of the Emblem|Echoes: Shadows of Valentia,Female,Lance,Pegasus Knight,Flying,Green,TRUE,Unpromoted
Arran,,Shadow Dragon|New Mystery of the Emblem,Male,Sword|Lance,Paladin,Cavalry,Yellow,TRUE,Promoted
Samson,,Shadow Dragon|New Mystery of the Emblem,Male,Sword|Axe,Hero,Infantry,Blue,TRUE,Promoted
Xane,,Shadow Dragon|New Mystery of the Emblem,Male,None,Freelancer,Infantry,Red,TRUE,Unique
Etzel,,Shadow Dragon|New Mystery of the Emblem,Male,Tome|Staff,Sorcerer,Infantry,Red,TRUE,Promoted
Est,,Shadow Dragon|New Mystery of the Emblem|Echoes: Shadows of Valentia,Female,Lance,Pegasus Knight,Flying,Pink,TRUE,Unpromoted
Tiki,,Shadow Dragon|New Mystery of the Emblem|Awakening,Female,Dragonstone,Manakete,Infantry,Green,TRUE,Unique
Lorenz (Shadow Dragon),,Shadow Dragon,Male,Lance|Bow,General,Armored,White,TRUE,Promoted
Ymir,,Shadow Dragon|New Mystery of the Emblem,Male,Axe|Bow,Warrior,Infantry,Purple,TRUE,Promoted
Elice,,Shadow Dragon|New Mystery of the Emblem,Female,Staff,Cleric,Infantry,Blue,TRUE,Unpromoted
Gotoh,,Shadow Dragon,Male,Tome|Staff,Sage,Infantry,White,TRUE,Promoted
Nagi,,Shadow Dragon|New Mystery of the Emblem,Female,Dragonstone,Manakete,Infantry,Green,TRUE,Unique
Luke,,New Mystery of the Emblem,Male,Sword|Lance,Cavalier,Cavalry,Green,TRUE,Unpromoted
Roderick,,New Mystery of the Emblem,Male,Sword|Lance,Cavalier,Cavalry,Brown,TRUE,Unpromoted
Cecil,,New Mystery of the Emblem,Female,Sword|Lance,Cavalier,Cavalry,Red,TRUE,Unpromoted
Ryan,,New Mystery of the Emblem,Male,Bow,Archer,Infantry,Green,TRUE,Unpromoted
Marisha,,New Mystery of the Emblem,Female,Staff,Cleric,Infantry,Blue,TRUE,Unpromoted
Warren,,New Mystery of the Emblem,Male,Bow,Hunter,Infantry,Yellow,TRUE,Unpromoted
Yuliya,,New Mystery of the Emblem,Female,Staff,Cleric,Infantry,Yellow,TRUE,Unpromoted
Jubelo,,New Mystery of the Emblem,Male,Tome,Mage,Infantry,Yellow,TRUE,Unpromoted
Sirius,,New Mystery of the Emblem,Male,Sword|Lance,Paladin,Cavalry,Yellow,TRUE,Promoted
Samuel,,New Mystery of the Emblem,Male,Sword,Myrmidon,Infantry,Brown,TRUE,Unpromoted
Phina,,New Mystery of the Emblem,Female,Sword,Dancer,Infantry,Red,TRUE,Unique
Arlen,,New Mystery of the Emblem,Male,Tome,Mage,Infantry,Yellow,TRUE,Unpromoted
Dice,,New Mystery of the Emblem,Male,Axe,Fighter,Infantry,Brown,TRUE,Unpromoted
Malice,,New Mystery of the Emblem,Female,Sword,Myrmidon,Infantry,Purple,TRUE,Unpromoted
Roberto,,New Mystery of the Emblem,Male,Sword|Bow,Horseman,Cavalry,Yellow,FALSE,Promoted
Belf,,New Mystery of the Emblem,Male,Sword|Lance,Cavalier,Cavalry,Black,FALSE,Unpromoted
Reiden,,New Mystery of the Emblem,Male,Sword|Lance,Cavalier,Cavalry,Brown,FALSE,Unpromoted
Katarina,,New Mystery of the Emblem,Female,Tome|Staff,Sage,Infantry,Purple,TRUE,Promoted
Sheena,,New Mystery of the Emblem,Female,Lance|Bow,General,Armored,Brown,TRUE,Promoted
Frost,,New Mystery of the Emblem,Male,Tome|Staff,Bishop,Infantry,White|Bald,FALSE,Promoted
Michalis,,New Mystery of the Emblem,Male,Lance|Axe,Dracoknight,Flying,Red,TRUE,Promoted
Nyna,,New Mystery of the Emblem,Female,Tome|Staff,Bishop,Infantry,Yellow,TRUE,Promoted
Alm,,Echoes: Shadows of Valentia,Male,Sword,Fighter(Alm),Infantry,Green,TRUE,Unpromoted
Lukas,,Echoes: Shadows of Valentia,Male,Lance,Soldier,Infantry,Red,TRUE,Unpromoted
Gray,,Echoes: Shadows of Valentia,Male,Sword,Villager,Infantry,Black,TRUE,Trainee
Tobin,,Echoes: Shadows of Valentia,Male,Sword,Villager,Infantry,Brown,TRUE,Trainee
Kliff,,Echoes: Shadows of Valentia,Male,Sword,Villager,Infantry,White,TRUE,Trainee
Faye,,Echoes: Shadows of Valentia,Female,Sword,Villager,Infantry,Yellow,TRUE,Trainee
Silque,,Echoes: Shadows of Valentia,Female,White Magic|Black Magic,Cleric,Infantry,Blue,TRUE,Unpromoted
Clair,,Echoes: Shadows of Valentia,Female,Lance,Pegasus Knight,Flying,Yellow,TRUE,Unpromoted
Clive,,Echoes: Shadows of Valentia,Male,Lance,Cavalier,Cavalry,Yellow,TRUE,Unpromoted
Forsyth,,Echoes: Shadows of Valentia,Male,Lance,Soldier,Infantry,Green,TRUE,Unpromoted
Python,,Echoes: Shadows of Valentia,Male,Bow,Archer,Infantry,Blue,TRUE,Unpromoted
Luthier,,Echoes: Shadows of Valentia,Male,Black Magic,Mage,Infantry,Orange|Yellow,TRUE,Unpromoted
Mathilda,,Echoes: Shadows of Valentia,Female,Lance,Paladin,Cavalry,Yellow,TRUE,Promoted
Delthea,,Echoes: Shadows of Valentia,Female,Black Magic,Mage,Infantry,Brown,TRUE,Unpromoted
Tatiana,,Echoes: Shadows of Valentia,Female,White Magic|Black Magic,Saint,Infantry,Turquoise,TRUE,Promoted
Zeke,,Echoes: Shadows of Valentia,Male,Lance,Gold Knight,Cavalry,Yellow,TRUE,Promoted
Mycen,,Echoes: Shadows of Valentia,Male,Lance,Gold Knight,Cavalry,Gray,TRUE,Promoted
Celica,,Echoes: Shadows of Valentia,Female,Black Magic|Sword|White Magic,Priestess(Celica),Infantry,Orange,TRUE,Unpromoted
Mae,,Echoes: Shadows of Valentia,Female,Black Magic,Mage,Infantry,Pink,TRUE,Unpromoted
Boey,,Echoes: Shadows of Valentia,Male,Black Magic,Mage,Infantry,White,TRUE,Unpromoted
Genny,,Echoes: Shadows of Valentia,Female,White Magic|Black Magic,Cleric,Infantry,Pink,TRUE,Unpromoted
Saber,,Echoes: Shadows of Valentia,Male,Sword,Mercenary,Infantry,Orange,TRUE,Unpromoted
Valbar,,Echoes: Shadows of Valentia,Male,Lance,Knight,Armored,Brown,TRUE,Promoted
Kamui,,Echoes: Shadows of Valentia,Male,Lance,Mercenary,Infantry,Black,TRUE,Unpromoted
Leon,,Echoes: Shadows of Valentia,Male,Bow,Archer,Infantry,Purple,TRUE,Unpromoted
Atlas,,Echoes: Shadows of Valentia,Male,Sword,Villager,Infantry,Gray,TRUE,Trainee
Jesse,,Echoes: Shadows of Valentia,Male,Sword,Mercenary,Infantry,Yellow,TRUE,Unpromoted
Sonya,,Echoes: Shadows of Valentia,Female,Black Magic,Mage,Infantry,Purple,TRUE,Unpromoted
Deen (Echoes),,Echoes: Shadows of Valentia,Male,Sword,Myrmidon,Infantry,Purple,TRUE,Unpromoted
Nomah,,Echoes: Shadows of Valentia,Male,Black Magic|White Magic,Sage,Infantry,White,TRUE,Promoted
Conrad,,Echoes: Shadows of Valentia,Male,Lance,Paladin,Cavalry,Orange,TRUE,Promoted
Emma,,Echoes: Shadows of Valentia,Female,Lance,Falcon Knight,Flying,Brown,FALSE,Promoted
Randal,,Echoes: Shadows of Valentia,Male,Lance,Paladin,Cavalry,Green,FALSE,Promoted
Yuzu,,Echoes: Shadows of Valentia,Female,Sword|Black Magic|White Magic,Priestess,Infantry,Purple,FALSE,Promoted
Shade,,Echoes: Shadows of Valentia,Female,Black Magic|White Magic,Saint,Infantry,Gray,FALSE,Promoted
Sigurd,,Genealogy of the Holy War,Male,Sword|Lance,Knight Lord,Cavalry,Blue,TRUE,Promoted
Naoise,,Genealogy of the Holy War,Male,Sword|Lance,Cavalier,Cavalry,Yellow,TRUE,Unpromoted
Alec,,Genealogy of the Holy War,Male,Sword|Lance,Cavalier,Cavalry,Green,TRUE,Unpromoted
Arden,,Genealogy of the Holy War,Male,Sword,Sword Armor,Armored,Green,TRUE,Unpromoted
Azelle,,Genealogy of the Holy War,Male,Fire Magic|Thunder Magic|Wind Magic,Mage,Infantry,Red,TRUE,Unpromoted
Lex,,Genealogy of the Holy War,Male,Axe,Axe Knight,Cavalry,Blue,TRUE,Unpromoted
Quan,,Genealogy of the Holy War,Male,Lance,Duke Knight,Cavalry,Brown,TRUE,Promoted
Finn,,Genealogy of the Holy War|Thracia 776,Male,Lance,Lance Knight,Cavalry,Blue,TRUE,Unpromoted
Ethlyn,,Genealogy of the Holy War,Female,Sword|Staff,Troubadour,Cavalry,Pink,TRUE,Unpromoted
Midir,,Genealogy of the Holy War,Male,Bow,Arch Knight,Cavalry,Green,TRUE,Unpromoted
Dew,,Genealogy of the Holy War,Male,Sword,Thief,Infantry,Yellow,TRUE,Unpromoted
Edain,,Genealogy of the Holy War,Female,Staff,Priest,Infantry,Yellow,TRUE,Unpromoted
Ayra,,Genealogy of the Holy War,Female,Sword,Sword Fighter,Infantry,Black,TRUE,Unpromoted
Deirdre,,Genealogy of the Holy War,Female,Light Magic|Staff,Shaman(Genealogy),Infantry,Purple,TRUE,Unpromoted
Jamke,,Genealogy of the Holy War,Male,Bow,Bow Fighter,Infantry,Brown,TRUE,Unpromoted
Chulainn,,Genealogy of the Holy War,Male,Sword,Sword Fighter,Infantry,Yellow,TRUE,Unpromoted
Lachesis,,Genealogy of the Holy War,Female,Sword|Staff,Princess,Infantry,Yellow,TRUE,Unpromoted
Beowolf,,Genealogy of the Holy War,Male,Sword,Free Knight,Cavalry,Yellow,TRUE,Unpromoted
Lewyn,,Genealogy of the Holy War,Male,Fire Magic|Thunder Magic|Wind Magic|Light Magic,Bard(Mage),Infantry,Green,TRUE,Unpromoted
Silvia,,Genealogy of the Holy War,Female,Sword,Dancer,Infantry,Green,TRUE,Unique
Erinys,,Genealogy of the Holy War,Female,Sword|Lance,Pegasus Knight,Flying,Green,TRUE,Unpromoted
Brigid,,Genealogy of the Holy War,Female,Bow,Sniper,Infantry,Yellow,TRUE,Promoted
Tailtiu,,Genealogy of the Holy War,Female,Thunder Magic,Thunder Mage,Infantry,Purple,TRUE,Unpromoted
Claud,,Genealogy of the Holy War,Male,Fire Magic|Thunder Magic|Wind Magic|Staff,High Priest,Infantry,Yellow,TRUE,Promoted
Seliph,,Genealogy of the Holy War,Male,Sword,Junior Lord,Infantry,Blue,TRUE,Unpromoted
Scáthach,,Genealogy of the Holy War,Male,Sword,Sword Fighter,Infantry,Black,TRUE,Unpromoted
Dalvin,,Genealogy of the Holy War,Male,Sword,Sword Fighter,Infantry,Black,FALSE,Unpromoted
Larcei,,Genealogy of the Holy War,Female,Sword,Sword Fighter,Infantry,Black,TRUE,Unpromoted
Creidne,,Genealogy of the Holy War,Female,Sword,Sword Fighter,Infantry,Black,FALSE,Unpromoted
Lana,,Genealogy of the Holy War,Female,Staff,Priest,Infantry,Orange,TRUE,Unpromoted
Miurne,,Genealogy of the Holy War,Female,Staff,Priest,Infantry,Black,FALSE,Unpromoted
Diarmuid,,Genealogy of the Holy War|Thracia 776,Male,Sword,Free Knight,Cavalry,Yellow,TRUE,Unpromoted
Tristan,,Genealogy of the Holy War,Male,Sword,Free Knight,Cavalry,Brown,FALSE,Unpromoted
Lester,,Genealogy of the Holy War,Male,Bow,Arch Knight,Cavalry,Blue,TRUE,Unpromoted
Deimne,,Genealogy of the Holy War,Male,Bow,Arch Knight,Cavalry,Brown,FALSE,Unpromoted
Oifey,,Genealogy of the Holy War,Male,Sword|Lance,Paladin,Cavalry,Brown,TRUE,Promoted
Julia,,Genealogy of the Holy War,Female,Light Magic|Staff,Shaman(Genealogy),Infantry,Purple,TRUE,Unpromoted
Fee,,Genealogy of the Holy War,Female,Sword|Lance,Pegasus Knight,Flying,Green,TRUE,Unpromoted
Herminia,,Genealogy of the Holy War,Female,Sword|Lance,Pegasus Knight,Flying,Green,FALSE,Unpromoted
Arthur(Genealogy),,Genealogy of the Holy War,Male,Fire Magic|Thunder Magic|Wind Magic,Mage,Infantry,Purple,TRUE,Unpromoted
Amid,,Genealogy of the Holy War,Male,Wind Magic,Wind Mage,Infantry,Green,FALSE,Unpromoted
Iucharba,,Genealogy of the Holy War,Male,Axe,Axe Fighter,Infantry,Brown,TRUE,Unpromoted
Iuchar,,Genealogy of the Holy War,Male,Axe,Axe Knight,Cavalry,Brown,TRUE,Unpromoted
Leif,,Genealogy of the Holy War|Thracia 776,Male,Sword,Prince,Infantry,Brown,TRUE,Unpromoted
Nanna,,Genealogy of the Holy War|Thracia 776,Female,Sword|Staff,Troubadour,Cavalry,Yellow,TRUE,Unpromoted
Jeanne,,Genealogy of the Holy War,Female,Sword|Staff,Troubadour,Cavalry,Brown,FALSE,Unpromoted
Shannan,,Genealogy of the Holy War,Male,Sword,Swordmaster,Infantry,Black,TRUE,Promoted
Patty,,Genealogy of the Holy War,Female,Sword,Thief,Infantry,Yellow,TRUE,Unpromoted
Daisy,,Genealogy of the Holy War,Female,Sword,Thief,Infantry,Brown,FALSE,Unpromoted
Ares,,Genealogy of the Holy War,Male,Sword|Lance,Cavalier,Cavalry,Yellow,TRUE,Unpromoted
Lene,,Genealogy of the Holy War,Female,Sword,Dancer,Infantry,Green,TRUE,Unique
Laylea,,Genealogy of the Holy War,Female,Sword,Dancer,Infantry,Black,FALSE,Unique
Tine,,Genealogy of the Holy War,Female,Fire Magic|Thunder Magic|Wind Magic,Mage,Infantry,Purple,TRUE,Unpromoted
Linda,,Genealogy of the Holy War,Female,Thunder Magic,Thunder Mage,Infantry,Brown,FALSE,Unpromoted
Febail,,Genealogy of the Holy War,Male,Bow,Bow Fighter,Infantry,Yellow,TRUE,Unpromoted
Asaello,,Genealogy of the Holy War,Male,Bow,Bow Fighter,Infantry,Black,FALSE,Unpromoted
Ced,,Genealogy of the Holy War|Thracia 776,Male,Fire Magic|Thunder Magic|Wind Magic|Light Magic|Staff,Sage,Infantry,Green,TRUE,Promoted
Hawk,,Genealogy of the Holy War,Male,Fire Magic|Thunder Magic|Wind Magic|Light Magic|Staff,Sage,Infantry,Brown,FALSE,Promoted
Hannibal,,Genealogy of the Holy War,Male,Sword|Lance|Axe|Bow,General,Armored,Brown,TRUE,Promoted
Coirpre,,Genealogy of the Holy War,Male,Staff,Priest,Infantry,Yellow,TRUE,Unpromoted
Charlot,,Genealogy of the Holy War,Male,Staff,Priest,Infantry,Blue,FALSE,Unpromoted
Altena,,Genealogy of the Holy War,Female,Sword|Lance,Wyvern Knight,Flying,Brown,TRUE,Unpromoted
Osian,,Thracia 776,Male,Axe,Axe Fighter,Infantry,Black,TRUE,Unpromoted
Halvan,,Thracia 776,Male,Axe,Axe Fighter,Infantry,Black,TRUE,Unpromoted
Eyvel,,Thracia 776,Female,Sword,Swordmaster,Infantry,Yellow,TRUE,Promoted
Dagdar,,Thracia 776,Male,Axe|Bow,Warrior,Infantry,Brown,TRUE,Promoted
Tanya,,Thracia 776,Female,Bow,Bow Fighter,Infantry,Brown,TRUE,Unpromoted
Marty,,Thracia 776,Male,Axe,Brigand,Infantry,Brown,TRUE,Unpromoted
Ronan,,Thracia 776,Male,Bow,Bow Fighter,Infantry,Blue,TRUE,Unpromoted
Safy,,Thracia 776,Female,Staff,Priest,Infantry,Green,TRUE,Unpromoted
Lifis,,Thracia 776,Male,Sword,Thief,Infantry,Brown,TRUE,Unpromoted
Machyua,,Thracia 776,Female,Sword,Sword Fighter,Infantry,Black,TRUE,Unpromoted
Brighton,,Thracia 776,Male,Axe,Axe Knight,Cavalry,Green,TRUE,Unpromoted
Lara,,Thracia 776,Female,Sword,Thief,Infantry,Black,TRUE,Unpromoted
Fergus,,Thracia 776,Male,Sword,Free Knight,Cavalry,Yellow,TRUE,Unpromoted
Karin,,Thracia 776,Female,Lance,Pegasus Rider,Flying,Green,TRUE,Unpromoted
Dalsin,,Thracia 776,Male,Axe,Axe Armor,Armored,Brown,TRUE,Unpromoted
Asbel,,Thracia 776,Male,Fire Magic|Thunder Magic|Wind Magic,Mage,Infantry,Turquoise,TRUE,Unpromoted
Hicks,,Thracia 776,Male,Axe,Axe Knight,Cavalry,Black,FALSE,Unpromoted
Shiva,,Thracia 776,Male,Sword,Sword Fighter,Infantry,Black,TRUE,Unpromoted
Carrion,,Thracia 776,Male,Sword|Lance,Cavalier,Cavalry,Brown,TRUE,Unpromoted
Selphina,,Thracia 776,Female,Bow,Arch Knight,Cavalry,Blue,TRUE,Unpromoted
Cain(Thracia 776),,Thracia 776,Male,Lance,Lance Knight,Cavalry,Yellow,FALSE,Unpromoted
Alva,,Thracia 776,Male,Lance,Lance Knight,Cavalry,Blue,FALSE,Unpromoted
Robert,,Thracia 776,Male,Bow,Arch Knight,Cavalry,Brown,FALSE,Unpromoted
Fred,,Thracia 776,Male,Sword|Lance,Paladin,Cavalry,Brown,TRUE,Promoted
Olwen,,Thracia 776,Female,Sword|Fire Magic|Thunder Magic|Wind Magic,Mage Knight,Cavalry,Black,TRUE,Promoted
Mareeta,,Thracia 776,Female,Sword,Sword Fighter,Infantry,Black,TRUE,Unpromoted
Salem,,Thracia 776,Male,Fire Magic|Thunder Magic|Wind Magic|Dark Magic|Staff,Loptr Mage,Infantry,Red,TRUE,Unpromoted
Perne,,Thracia 776,Male,Sword,Thief Fighter,Infantry,Blue,TRUE,Promoted
Troude,,Thracia 776,Male,Sword,Sword Fighter,Infantry,Gray,FALSE,Unpromoted
Tina,,Thracia 776,Female,Staff,Priest,Infantry,Green,TRUE,Unpromoted
Glade,,Thracia 776,Male,Lance,Duke Knight,Cavalry,Black,TRUE,Promoted
Deen(Thracia 776),,Thracia 776,Male,Lance,Wyvern Knight,Flying,Black,TRUE,Promoted
Eda,,Thracia 776,Female,Lance,Dragon Rider,Flying,Black,TRUE,Unpromoted
Homer,,Thracia 776,Male,Fire Magic|Thunder Magic|Wind Magic|Light Magic,Bard(Mage),Infantry,Purple,TRUE,Unpromoted
Linoan,,Thracia 776,Female,Fire Magic|Thunder Magic|Wind Magic|Light Magic|Staff,Cleric,Infantry,Pink,TRUE,Unpromoted
Ralf,,Thracia 776,Male,Sword|Axe,Mercenary,Infantry,Brown,FALSE,Promoted
Ilios,,Thracia 776,Male,Sword|Fire Magic|Thunder Magic|Wind Magic,Mage Knight,Cavalry,Green,TRUE,Promoted
Sleuf,,Thracia 776,Male,Staff,Priest,Infantry,Yellow,TRUE,Unpromoted
Misha,,Thracia 776,Female,Lance,Pegasus Knight,Flying,Green,TRUE,Promoted
Sara,,Thracia 776,Female,Fire Magic|Thunder Magic|Wind Magic|Light Magic|Staff,Cleric,Infantry,Purple,TRUE,Unpromoted
Shannam,,Thracia 776,Male,Sword,Swordmaster,Infantry,Black,TRUE,Promoted
Miranda,,Thracia 776,Female,Fire Magic|Thunder Magic|Wind Magic,Mage,Infantry,Brown,TRUE,Unpromoted
Xavier,,Thracia 776,Male,Sword|Lance|Axe|Bow,General,Armored,Brown,TRUE,Promoted
Amalda,,Thracia 776,Female,Sword|Staff,Paladin,Cavalry,Gray,TRUE,Promoted
Conomor,,Thracia 776,Male,Sword|Lance,Paladin,Cavalry,Gray,TRUE,Promoted
Saias,,Thracia 776,Male,Light Magic|Staff,High Priest,Infantry,Red,TRUE,Promoted
Galzus,,Thracia 776,Male,Sword|Axe,Mercenary,Infantry,Gray,TRUE,Promoted
Roy,,The Binding Blade,Male,Sword,Lord,Infantry,Red,TRUE,Unpromoted
Marcus,,The Binding Blade|The Blazing Blade,Male,Sword|Lance|Axe,Paladin,Cavalry,White|Purple,TRUE,Promoted
Alen,,The Binding Blade,Male,Sword|Lance,Cavalier,Cavalry,Red,TRUE,Unpromoted
Lance,,The Binding Blade,Male,Sword|Lance,Cavalier,Cavalry,Turquoise,TRUE,Unpromoted
Wolt,,The Binding Blade,Male,Bow,Archer,Infantry,Green,TRUE,Unpromoted
Bors,,The Binding Blade,Male,Lance,Knight,Armored,Green,TRUE,Unpromoted
Merlinus,,The Binding Blade|The Blazing Blade,Male,None,Transporter,Transporter,Bald|Blue,TRUE,Unique
Elen,,The Binding Blade,Female,Staff,Priest,Infantry,Brown,TRUE,Unpromoted
Dieck,,The Binding Blade,Male,Sword,Mercenary,Infantry,Turquoise,TRUE,Unpromoted
Ward,,The Binding Blade,Male,Axe,Fighter,Infantry,Brown,TRUE,Unpromoted
Lot,,The Binding Blade,Male,Axe,Fighter,Infantry,Orange,TRUE,Unpromoted
Shanna,,The Binding Blade,Female,Lance,Pegasus Knight,Flying,Blue,TRUE,Unpromoted
Chad,,The Binding Blade,Male,Sword,Thief,Infantry,Yellow,TRUE,Unique
Lugh,,The Binding Blade,Male,Anima Magic,Mage,Infantry,Green,TRUE,Unpromoted
Clarine,,The Binding Blade,Female,Staff,Troubadour,Cavalry,Yellow,TRUE,Unpromoted
Rutger,,The Binding Blade,Male,Sword,Myrmidon,Infantry,Brown,TRUE,Unpromoted
Saul,,The Binding Blade,Male,Staff,Priest,Infantry,Purple,TRUE,Unpromoted
Dorothy,,The Binding Blade,Female,Bow,Archer,Infantry,Brown,TRUE,Unpromoted
Sue,,The Binding Blade,Female,Bow,Nomad,Cavalry,Green,TRUE,Unpromoted
Zelot,,The Binding Blade,Male,Sword|Lance|Axe,Paladin,Cavalry,Gray,TRUE,Promoted
Trec,,The Binding Blade,Male,Sword|Lance,Cavalier,Cavalry,Yellow,TRUE,Unpromoted
Noah,,The Binding Blade,Male,Sword|Lance,Cavalier,Cavalry,Purple,TRUE,Unpromoted
Astolfo,,The Binding Blade,Male,Sword,Thief,Infantry,Purple,TRUE,Unique
Lilina,,The Binding Blade,Female,Anima Magic,Mage,Infantry,Blue,TRUE,Unpromoted
Barthe,,The Binding Blade,Male,Lance,Knight,Armored,Yellow,TRUE,Unpromoted
Ogier,,The Binding Blade,Male,Sword,Mercenary,Infantry,Blue,TRUE,Unpromoted
Gwendolyn,,The Binding Blade,Female,Lance,Knight,Armored,Pink,TRUE,Unpromoted
Fir,,The Binding Blade,Female,Sword,Myrmidon,Infantry,Black,TRUE,Unpromoted
Sin,,The Binding Blade,Male,Bow,Nomad,Cavalry,Green,TRUE,Unpromoted
Geese,,The Binding Blade,Male,Axe,Pirate,Infantry,Purple,TRUE,Unpromoted
Gonzalez,,The Binding Blade,Male,Axe,Brigand,Infantry,Brown,TRUE,Unpromoted
Klein,,The Binding Blade,Male,Bow,Sniper,Infantry,Yellow,TRUE,Promoted
Thea,,The Binding Blade,Female,Lance,Pegasus Knight,Flying,Blue,TRUE,Unpromoted
Larum,,The Binding Blade,Female,None,Dancer,Infantry,Orange,TRUE,Unique
Elffin,,The Binding Blade,Male,None,Bard(Dancer),Infantry,Yellow,TRUE,Unique
Echidna,,The Binding Blade,Female,Sword|Axe,Hero,Infantry,Gray,TRUE,Promoted
Bartre,,The Binding Blade|The Blazing Blade,Male,Axe|Bow,Warrior,Infantry,Brown,TRUE,Promoted
Raigh,,The Binding Blade,Male,Dark Magic,Shaman,Infantry,Green,TRUE,Unpromoted
Cath,,The Binding Blade,Female,Sword,Thief,Infantry,Orange,TRUE,Unique
Melady,,The Binding Blade,Female,Lance,Wyvern Rider,Flying,Red,TRUE,Unpromoted
Perceval,,The Binding Blade,Male,Sword|Lance|Axe,Paladin,Cavalry,Yellow,TRUE,Promoted
Cecilia,,The Binding Blade,Female,Anima Magic|Staff,Valkyrie,Cavalry,Green,TRUE,Promoted
Sophia,,The Binding Blade,Female,Dark Magic,Shaman,Infantry,Purple,TRUE,Unpromoted
Igrene,,The Binding Blade,Female,Bow,Sniper,Infantry,Yellow,TRUE,Promoted
Garret,,The Binding Blade,Male,Axe,Berserker,Infantry,Bald,TRUE,Promoted
Fae,,The Binding Blade,Female,Dragonstone,Manakete,Infantry,Pink,TRUE,Unique
Hugh,,The Binding Blade,Male,Anima Magic,Mage,Infantry,Purple,TRUE,Unpromoted
Zeiss,,The Binding Blade,Male,Lance,Wyvern Rider,Flying,Red,TRUE,Unpromoted
Douglas,,The Binding Blade,Male,Lance|Axe,General,Armored,Brown,TRUE,Promoted
Niime,,The Binding Blade,Female,Dark Magic|Staff,Druid,Infantry,Gray,TRUE,Promoted
Juno,,The Binding Blade,Female,Lance|Sword,Falcon Knight,Flying,Purple,TRUE,Promoted
Dayan,,The Binding Blade,Male,Sword|Bow,Nomadic Trooper,Cavalry,Green,TRUE,Promoted
Yoder,,The Binding Blade,Male,Light Magic|Staff,Bishop,Infantry,Gray,TRUE,Promoted
Karel,,The Binding Blade|The Blazing Blade,Male,Sword,Swordmaster,Infantry,Black,TRUE,Promoted
Hector,,The Blazing Blade,Male,Axe,Lord,Infantry,Blue,TRUE,Unpromoted
Matthew,,The Blazing Blade,Male,Sword,Thief,Infantry,Brown,TRUE,Unpromoted
Oswin,,The Blazing Blade,Male,Lance,Knight,Armored,Yellow,TRUE,Unpromoted
Serra,,The Blazing Blade,Female,Staff,Cleric,Infantry,Pink,TRUE,Unpromoted
Eliwood,,The Blazing Blade,Male,Sword,Lord,Infantry,Red,TRUE,Unpromoted
Lowen,,The Blazing Blade,Male,Sword|Lance,Cavalier,Cavalry,Turquoise,TRUE,Unpromoted
Rebecca,,The Blazing Blade,Female,Bow,Archer,Infantry,Green,TRUE,Unpromoted
Dorcas,,The Blazing Blade,Male,Axe,Fighter,Infantry,Red,TRUE,Unpromoted
Guy,,The Blazing Blade,Male,Sword,Myrmidon,Infantry,Green,TRUE,Unpromoted
Erk,,The Blazing Blade,Male,Anima Magic,Mage,Infantry,Purple,TRUE,Unpromoted
Priscilla,,The Blazing Blade,Female,Staff,Troubadour,Cavalry,Red,TRUE,Unpromoted
Lyn,,The Blazing Blade,Female,Sword,Lord,Infantry,Green,TRUE,Unpromoted
Sain,,The Blazing Blade,Male,Sword|Lance,Cavalier,Cavalry,Yellow,TRUE,Unpromoted
Kent,,The Blazing Blade,Male,Sword|Lance,Cavalier,Cavalry,Orange,TRUE,Unpromoted
Wil,,The Blazing Blade,Male,Bow,Archer,Infantry,Brown,TRUE,Unpromoted
Florina,,The Blazing Blade,Female,Lance,Pegasus Knight,Flying,Purple,TRUE,Unpromoted
Raven,,The Blazing Blade,Male,Sword,Mercenary,Infantry,Red,TRUE,Unpromoted
Lucius,,The Blazing Blade,Male,Light Magic,Monk,Infantry,Yellow,TRUE,Unpromoted
Canas,,The Blazing Blade,Male,Dark Magic,Shaman,Infantry,Purple,TRUE,Unpromoted
Dart,,The Blazing Blade,Male,Axe,Pirate,Infantry,Black,TRUE,Unpromoted
Fiora,,The Blazing Blade,Female,Lance,Pegasus Knight,Flying,Blue,TRUE,Unpromoted
Legault,,The Blazing Blade,Male,Sword,Thief,Infantry,Purple,TRUE,Unpromoted
Ninian,,The Blazing Blade,Female,None,Dancer,Infantry,Blue,TRUE,Unique
Isadora,,The Blazing Blade,Female,Sword|Lance|Axe,Paladin,Cavalry,Blue,TRUE,Promoted
Heath,,The Blazing Blade,Male,Lance,Wyvern Rider,Flying,Green|White,TRUE,Unpromoted
Rath,,The Blazing Blade,Male,Bow,Nomad,Cavalry,Green,TRUE,Unpromoted
Hawkeye,,The Blazing Blade,Male,Axe,Berserker,Infantry,Yellow,TRUE,Promoted
Geitz,,The Blazing Blade,Male,Axe|Bow,Warrior,Infantry,Pink,TRUE,Promoted
Wallace,,The Blazing Blade,Male,Lance,Knight,Armored,Bald,TRUE,Unpromoted
Farina,,The Blazing Blade,Female,Lance,Pegasus Knight,Flying,Blue,TRUE,Unpromoted
Pent,,The Blazing Blade,Male,Anima Magic|Staff,Sage,Infantry,Gray,TRUE,Promoted
Louise,,The Blazing Blade,Female,Bow,Sniper,Infantry,Yellow,TRUE,Promoted
Harken,,The Blazing Blade,Male,Sword|Axe,Hero,Infantry,Yellow,TRUE,Promoted
Nino,,The Blazing Blade,Female,Anima Magic,Mage,Infantry,Green,TRUE,Unpromoted
Jaffar,,The Blazing Blade,Male,Sword,Assassin,Infantry,Red,TRUE,Promoted
Vaida,,The Blazing Blade,Female,Sword|Lance,Wyvern Lord,Flying,Yellow,TRUE,Promoted
Nils,,The Blazing Blade,Male,None,Bard(Dancer),Infantry,Turquoise,TRUE,Unique
Karla,,The Blazing Blade,Female,Sword,Swordmaster,Infantry,Black,TRUE,Promoted
Renault,,The Blazing Blade,Male,Light Magic|Staff,Bishop,Infantry,Green,TRUE,Promoted
Athos,,The Blazing Blade,Male,Anima Magic|Light Magic|Dark Magic|Staff,Archsage,Infantry,White,TRUE,Unique
Eirika,,The Sacred Stones,Female,Sword,Lord,Infantry,Turquoise,TRUE,Unpromoted
Seth,,The Sacred Stones,Male,Sword|Lance,Paladin,Cavalry,Red,TRUE,Promoted
Franz,,The Sacred Stones,Male,Sword|Lance,Cavalier,Cavalry,Yellow,TRUE,Unpromoted
Gilliam,,The Sacred Stones,Male,Lance,Knight,Armored,Black,TRUE,Unpromoted
Vanessa,,The Sacred Stones,Female,Lance,Pegasus Knight,Flying,Green,TRUE,Unpromoted
Moulder,,The Sacred Stones,Male,Staff,Priest,Infantry,Brown,TRUE,Unpromoted
Ross,,The Sacred Stones,Male,Axe,Journeyman,Infantry,Black,TRUE,Trainee
Garcia,,The Sacred Stones,Male,Axe,Fighter,Infantry,Black,TRUE,Unpromoted
Neimi,,The Sacred Stones,Female,Bow,Archer,Infantry,Pink,TRUE,Unpromoted
Colm,,The Sacred Stones,Male,Sword,Thief,Infantry,Blue,TRUE,Unpromoted
Artur,,The Sacred Stones,Male,Light Magic,Monk,Infantry,Orange,TRUE,Unpromoted
Lute,,The Sacred Stones,Female,Anima Magic,Mage,Infantry,Purple,TRUE,Unpromoted
Natasha,,The Sacred Stones,Female,Staff,Cleric,Infantry,Yellow,TRUE,Unpromoted
Joshua,,The Sacred Stones,Male,Sword,Myrmidon,Infantry,Red,TRUE,Unpromoted
Ephraim,,The Sacred Stones,Male,Lance,Lord,Infantry,Turquoise,TRUE,Unpromoted
Forde,,The Sacred Stones,Male,Sword|Lance,Cavalier,Cavalry,Yellow,TRUE,Unpromoted
Kyle,,The Sacred Stones,Male,Sword|Lance,Cavalier,Cavalry,Green,TRUE,Unpromoted
Orson,,The Sacred Stones,Male,Sword|Lance,Paladin,Cavalry,Brown,TRUE,Promoted
Tana,,The Sacred Stones,Female,Lance,Pegasus Knight,Flying,Blue,TRUE,Unpromoted
Amelia,,The Sacred Stones,Female,Lance,Recruit,Infantry,Yellow,TRUE,Trainee
Innes,,The Sacred Stones,Male,Bow,Sniper,Infantry,Green,TRUE,Promoted
Gerik,,The Sacred Stones,Male,Sword,Mercenary,Infantry,Green,TRUE,Unpromoted
Tethys,,The Sacred Stones,Female,None,Dancer,Infantry,Red,TRUE,Unique
Marisa,,The Sacred Stones,Female,Sword,Myrmidon,Infantry,Pink,TRUE,Unpromoted
L'Arachel,,The Sacred Stones,Female,Staff,Troubadour,Cavalry,Green,TRUE,Unpromoted
Dozla,,The Sacred Stones,Male,Axe,Berserker,Infantry,Green,TRUE,Promoted
Saleh,,The Sacred Stones,Male,Anima Magic|Staff,Sage,Infantry,Brown,TRUE,Promoted
Ewan,,The Sacred Stones,Male,Anima Magic,Pupil,Infantry,Red,TRUE,Trainee
Cormag,,The Sacred Stones,Male,Lance,Wyvern Rider,Flying,Yellow,TRUE,Unpromoted
Rennac,,The Sacred Stones,Male,Sword,Rogue,Infantry,Brown,TRUE,Promoted
Duessel,,The Sacred Stones,Male,Sword|Lance|Axe,Great Knight,Cavalry|Armored,Gray,TRUE,Promoted
Knoll,,The Sacred Stones,Male,Dark Magic,Shaman,Infantry,Purple,TRUE,Unpromoted
Myrrh,,The Sacred Stones,Female,Dragonstone,Manakete,Flying,Purple,TRUE,Unique
Syrene,,The Sacred Stones,Female,Sword|Lance,Falcoknight,Flying,Green,TRUE,Promoted
Ike,,Path of Radiance|Radiant Dawn,Male,Sword,Ranger,Infantry,Blue,TRUE,Unpromoted
Boyd,,Path of Radiance|Radiant Dawn,Male,Axe,Fighter,Infantry,Green,TRUE,Unpromoted
Titania,,Path of Radiance|Radiant Dawn,Female,Axe|Lance,Paladin,Cavalry,Red,TRUE,Promoted
Oscar,,Path of Radiance|Radiant Dawn,Male,Lance,Lance Knight,Cavalry,Green,TRUE,Unpromoted
Rhys,,Path of Radiance|Radiant Dawn,Male,Staff,Priest,Infantry,Orange,TRUE,Unpromoted
Shinon,,Path of Radiance|Radiant Dawn,Male,Bow,Sniper,Infantry,Red,TRUE,Promoted
Gatrie,,Path of Radiance|Radiant Dawn,Male,Lance,Knight,Armored,Yellow,TRUE,Unpromoted
Soren,,Path of Radiance|Radiant Dawn,Male,Fire Magic|Thunder Magic|Wind Magic,Mage,Infantry,Black or Green,TRUE,Unpromoted
Mia,,Path of Radiance|Radiant Dawn,Female,Sword,Myrmidon,Infantry,Purple,TRUE,Unpromoted
Ilyana,,Path of Radiance|Radiant Dawn,Female,Fire Magic|Thunder Magic|Wind Magic,Mage,Infantry,Purple,TRUE,Unpromoted
Mist,,Path of Radiance|Radiant Dawn,Female,Staff,Cleric,Infantry,Brown,TRUE,Unpromoted
Rolf,,Path of Radiance|Radiant Dawn,Male,Bow,Archer,Infantry,Green,TRUE,Unpromoted
Marcia,,Path of Radiance|Radiant Dawn,Female,Lance,Pegasus Knight,Flying,Pink,TRUE,Unpromoted
Lethe,,Path of Radiance|Radiant Dawn,Female,Strike,Cat,Laguz,Orange,TRUE,Unique
Mordecai,,Path of Radiance|Radiant Dawn,Male,Strike,Tiger,Laguz,Blue,TRUE,Unique
Volke,,Path of Radiance|Radiant Dawn,Male,Knife,Thief,Infantry,Brown,TRUE,Unpromoted
Kieran,,Path of Radiance|Radiant Dawn,Male,Axe,Axe Knight,Cavalry,Red,TRUE,Unpromoted
Nephenee,,Path of Radiance|Radiant Dawn,Female,Lance,Soldier,Infantry,Green,TRUE,Unpromoted
Brom,,Path of Radiance|Radiant Dawn,Male,Lance,Knight,Armored,Brown,TRUE,Unpromoted
Zihark,,Path of Radiance|Radiant Dawn,Male,Sword,Myrmidon,Infantry,Gray,TRUE,Unpromoted
Sothe,,Path of Radiance|Radiant Dawn,Male,Knife,Thief,Infantry,Green,TRUE,Unique
Jill,,Path of Radiance|Radiant Dawn,Female,Lance,Wyvern Rider,Flying,Red,TRUE,Unpromoted
Astrid,,Path of Radiance|Radiant Dawn,Female,Bow,Bow Knight,Cavalry,Black,TRUE,Unpromoted
Makalov,,Path of Radiance|Radiant Dawn,Male,Sword,Sword Knight,Cavalry,Pink,TRUE,Unpromoted
Tormod,,Path of Radiance|Radiant Dawn,Male,Fire Magic|Thunder Magic|Wind Magic,Mage,Infantry,Red,TRUE,Unpromoted
Muarim,,Path of Radiance|Radiant Dawn,Male,Strike,Tiger,Laguz,Green,TRUE,Unique
Stefan,,Path of Radiance|Radiant Dawn,Male,Sword,Swordmaster,Infantry,Green,TRUE,Promoted
Devdan,,Path of Radiance,Male,Lance,Halberdier,Infantry,Green,TRUE,Promoted
Tanith,,Path of Radiance|Radiant Dawn,Female,Sword|Lance,Falcon Knight,Flying,Brown,TRUE,Promoted
Reyson,,Path of Radiance|Radiant Dawn,Male,None,Heron,Laguz|Flying,Yellow,TRUE,Unique
Janaff,,Path of Radiance|Radiant Dawn,Male,Strike,Hawk,Laguz|Flying,Brown,TRUE,Unique
Ulki,,Path of Radiance|Radiant Dawn,Male,Strike,Hawk,Laguz|Flying,Brown,TRUE,Unique
Calill,,Path of Radiance|Radiant Dawn,Female,Fire Magic|Thunder Magic|Wind Magic|Knife,Sage,Infantry,Yellow,TRUE,Promoted
Tauroneo,,Path of Radiance|Radiant Dawn,Male,Sword|Lance,General,Armored,Gray,TRUE,Promoted
Ranulf,,Path of Radiance|Radiant Dawn,Male,Strike,Cat,Laguz,Blue,TRUE,Unique
Haar,,Path of Radiance|Radiant Dawn,Male,Lance|Axe,Wyvern Lord,Flying,Brown,TRUE,Promoted
Bastian,,Path of Radiance|Radiant Dawn,Male,Fire Magic|Thunder Magic|Wind Magic|Knife,Sage,Infantry,Yellow,TRUE,Promoted
Lucia,,Path of Radiance|Radiant Dawn,Female,Sword,Swordmaster,Infantry,Blue,TRUE,Promoted
Geoffrey,,Path of Radiance|Radiant Dawn,Male,Lance|Bow,Paladin,Cavalry,Blue,TRUE,Promoted
Largo,,Path of Radiance,Male,Axe,Berserker,Infantry,Purple,TRUE,Promoted
Elincia,,Path of Radiance|Radiant Dawn,Female,Sword|Staff,Princess Crimea,Flying,Green,TRUE,Unique
Nasir,,Path of Radiance|Radiant Dawn,Male,Strike,White Dragon,Laguz,Blue,TRUE,Unique
Ena,,Path of Radiance|Radiant Dawn,Female,Strike,Red Dragon,Laguz,Pink,TRUE,Unique
Tibarn,,Path of Radiance|Radiant Dawn,Male,Strike,Hawk,Laguz|Flying,Black,TRUE,Unique
Naesala,,Path of Radiance|Radiant Dawn,Male,Strike,Raven,Laguz|Flying,Blue,TRUE,Unique
Giffca,,Path of Radiance|Radiant Dawn,Male,Strike,Lion,Laguz,Black,TRUE,Unique
Micaiah,,Radiant Dawn,Female,Light Magic,Light Mage,Infantry,White,TRUE,Unpromoted
Edward,,Radiant Dawn,Male,Sword,Myrmidon,Infantry,Brown,TRUE,Unpromoted
Leonardo,,Radiant Dawn,Male,Bow,Archer,Infantry,Yellow,TRUE,Unpromoted
Nolan,,Radiant Dawn,Male,Axe,Fighter,Infantry,Brown,TRUE,Unpromoted
Laura,,Radiant Dawn,Female,Staff,Priest,Infantry,Black,TRUE,Unpromoted
Aran,,Radiant Dawn,Male,Lance,Soldier,Infantry,Green,TRUE,Unpromoted
Meg,,Radiant Dawn,Female,Sword,Armor Sword,Armored,Brown,TRUE,Unpromoted
Volug,,Radiant Dawn,Male,Strike,Wolf,Laguz,Black,TRUE,Unique
Fiona,,Radiant Dawn,Female,Lance,Lance Knight,Cavalry,Red,TRUE,Unpromoted
Vika,,Radiant Dawn,Female,Strike,Raven,Laguz|Flying,Green,TRUE,Unique
Rafiel,,Radiant Dawn,Male,None,Heron,Laguz,Yellow,TRUE,Unique
Nailah,,Radiant Dawn,Female,Strike,Wolf Queen,Laguz,Gray,TRUE,Unique
Black Knight,,Radiant Dawn,Male,Sword|Lance,Black Knight,Armored,Helmet,TRUE,Unique
Nealuchi,,Radiant Dawn,Male,Strike,Raven,Laguz|Flying,Bald|White,TRUE,Unique
Leanne,,Radiant Dawn,Female,None,Heron,Laguz|Flying,Yellow,TRUE,Unique
Heather,,Radiant Dawn,Female,Knife,Rogue,Infantry,Yellow,TRUE,Promoted
Danved,,Radiant Dawn,Male,Lance,Halberdier,Infantry,Green,TRUE,Promoted
Kyza,,Radiant Dawn,Non Binary,Strike,Tiger,Laguz,Gray,TRUE,Unique
Lyre,,Radiant Dawn,Female,Strike,Cat,Laguz,Orange,TRUE,Unique
Sigrun,,Radiant Dawn,Female,Sword|Lance,Falconknight,Flying,Turquoise,TRUE,Promoted
Skrimir,,Radiant Dawn,Male,Strike,Lion,Laguz,Red,TRUE,Unique
Sanaki,,Radiant Dawn,Female,Fire Magic|Thunder Magic|Wind Magic|Light Magic,Empress,Infantry,Purple,TRUE,Unique
Pelleas,,Radiant Dawn,Male,Thunder Magic|Dark Magic,Dark Sage,Infantry,Purple,TRUE,Promoted
Oliver,,Radiant Dawn,Male,Light Magic|Staff,Saint,Infantry,Bald|Red,TRUE,Promoted
Caineghis,,Radiant Dawn,Male,Strike,Lion King,Laguz,Red,TRUE,Unique
Kurthnaga,,Radiant Dawn,Male,Strike,Dragon Prince,Laguz,Green,TRUE,Unique
Renning,,Radiant Dawn,Male,Sword|Axe,Gold Knight,Cavalry,Green,TRUE,Promoted
Gareth,,Radiant Dawn,Male,Strike,Red Dragon,Laguz,Red,TRUE,Unique
Sephiran,,Radiant Dawn,Male,Light Magic|Dark Magic|Staff,Chancellor,Infantry,Black,TRUE,Unique
Robin,,Awakening,Male|Female,Sword|Tome,Tactician,Infantry,White,TRUE,Unpromoted
Chrom,,Awakening,Male,Sword,Lord,Infantry,Blue,TRUE,Unpromoted
Lissa,,Awakening,Female,Staff,Cleric,Infantry,Yellow,TRUE,Unpromoted
Frederick,,Awakening,Male,Sword|Lance|Axe,Great Knight,Cavalry|Armored,Brown,TRUE,Promoted
Sully,,Awakening,Female,Sword|Lance,Cavalier,Cavalry,Red,TRUE,Unpromoted
Virion,,Awakening,Male,Bow,Archer,Infantry,Blue,TRUE,Unpromoted
Stahl,,Awakening,Male,Sword|Lance,Cavalier,Cavalry,Brown,TRUE,Unpromoted
Vaike,,Awakening,Male,Axe,Fighter,Infantry,Yellow,TRUE,Unpromoted
Miriel,,Awakening,Female,Tome,Mage,Infantry,Red,TRUE,Unpromoted
Sumia,,Awakening,Female,Lance,Pegasus Knight,Flying,Brown,TRUE,Unpromoted
Kellam,,Awakening,Male,Lance,Knight,Armored,Brown,TRUE,Unpromoted
Lon'qu,,Awakening,Male,Sword,Myrmidon,Infantry,Brown,TRUE,Unpromoted
Ricken,,Awakening,Male,Tome,Mage,Infantry,Brown,TRUE,Unpromoted
Maribelle,,Awakening,Female,Staff,Troubadour,Cavalry,Yellow,TRUE,Unpromoted
Panne,,Awakening,Female,Beaststone,Taguel,Infantry,Brown,TRUE,Unique
Gaius,,Awakening,Male,Sword,Thief,Infantry,Orange,TRUE,Unpromoted
Cordelia,,Awakening,Female,Lance,Pegasus Knight,Flying,Red,TRUE,Unpromoted
Gregor,,Awakening,Male,Sword,Mercenary,Infantry,Red,TRUE,Unpromoted
Nowi,,Awakening,Female,Dragonstone,Manakete,Infantry,Yellow|Green,TRUE,Unique
Libra,,Awakening,Male,Axe|Staff,War Monk,Infantry,Yellow,TRUE,Promoted
Tharja,,Awakening,Female,Tome,Dark Mage,Infantry,Black,TRUE,Unpromoted
Olivia,,Awakening,Female,Sword,Dancer,Infantry,Pink,TRUE,Unique
Cherche,,Awakening,Female,Axe,Wyvern Rider,Flying,Red,TRUE,Unpromoted
Henry,,Awakening,Male,Tome,Dark Mage,Infantry,White,TRUE,Unpromoted
Lucina,,Awakening,Female,Sword,Lord,Infantry,Blue,TRUE,Unpromoted
Say'ri,,Awakening,Female,Sword,Swordmaster,Infantry,Black,TRUE,Promoted
Basilio,,Awakening,Male,Axe|Bow,Warrior,Infantry,Bald,TRUE,Promoted
Flavia,,Awakening,Female,Sword|Axe,Hero,Infantry,Yellow,TRUE,Promoted
Donnel,,Awakening,Male,Lance,Villager,Infantry,Brown,TRUE,Trainee
Anna(Awakening),,Awakening,Female,Sword|Staff,Trickster,Infantry,Red,TRUE,Promoted
Owain,,Awakening,Male,Sword,Myrmidon,Infantry,Yellow,TRUE,Unpromoted
Inigo,,Awakening,Male,Sword,Mercenary,Infantry,Gray,TRUE,Unpromoted
Brady,,Awakening,Male,Staff,Priest,Infantry,Yellow,TRUE,Unpromoted
Kjelle,,Awakening,Female,Lance,Knight,Armored,Black,TRUE,Unpromoted
Cynthia,,Awakening,Female,Lance,Pegasus Knight,Flying,Brown,TRUE,Unpromoted
Severa,,Awakening,Female,Sword,Mercenary,Infantry,Red,TRUE,Unpromoted
Gerome,,Awakening,Male,Axe,Wyvern Rider,Flying,Red,TRUE,Unpromoted
Morgan,,Awakening,Male|Female,Sword|Tome,Tactician,Infantry,Black,TRUE,Unpromoted
Yarne,,Awakening,Male,Beaststone,Taguel,Infantry,Brown,TRUE,Unpromoted
Laurent,,Awakening,Male,Tome,Mage,Infantry,Red,TRUE,Unpromoted
Noire,,Awakening,Female,Bow,Archer,Infantry,Black,TRUE,Unpromoted
Nah,,Awakening,Female,Dragonstone,Manakete,Infantry,Green,TRUE,Unpromoted
Corrin,,Fates,Male|Female,Dragonstone|Sword,Nohr Prince/Princess,Infantry,White,TRUE,Unpromoted
Felicia,,Fates,Female,Dagger|Staff,Maid,Infantry,Pink,TRUE,Promoted
Jakob,,Fates,Male,Dagger|Staff,Butler,Infantry,Gray,TRUE,Promoted
Azura,,Fates,Female,Lance,Songstress,Infantry,Blue,TRUE,Unique
Gunter,,Fates,Male,Sword|Lance|Axe,Great Knight,Cavalry|Armored,Purple,TRUE,Promoted
Sakura,,Fates,Female,Staff,Shrine Maiden,Infantry,Red,TRUE,Unpromoted
Hana,,Fates,Female,Sword,Samurai,Infantry,Brown,TRUE,Unpromoted
Subaki,,Fates,Male,Lance,Sky Knight,Flying,Red,TRUE,Unpromoted
Kaze,,Fates,Male,Dagger,Ninja,Infantry,Green,TRUE,Unpromoted
Rinkah,,Fates,Female,Axe,Oni Savage,Infantry,White,TRUE,Unpromoted
Hayato,,Fates,Male,Tome,Diviner,Infantry,Brown,TRUE,Unpromoted
Takumi,,Fates,Male,Bow,Archer,Infantry,Beige,TRUE,Unpromoted
Oboro,,Fates,Female,Lance,Spear Fighter,Infantry,Blue,TRUE,Unpromoted
Hinata,,Fates,Male,Sword,Samurai,Infantry,Brown,TRUE,Unpromoted
Saizo,,Fates,Male,Dagger,Ninja,Infantry,Red,TRUE,Unpromoted
Orochi,,Fates,Female,Tome,Diviner,Infantry,Brown,TRUE,Unpromoted
Reina,,Fates,Female,Lance|Bow,Kinshi Knight,Flying,Blue,TRUE,Promoted
Kagero,,Fates,Female,Dagger,Ninja,Infantry,Brown,TRUE,Unpromoted
Camilla,,Fates,Female,Axe|Tome,Malig Knight,Flying,Purple,TRUE,Promoted
Beruka,,Fates,Female,Axe,Wyvern Rider,Flying,Blue,TRUE,Unpromoted
Selena,,Fates,Female,Sword,Mercenary,Infantry,Red,TRUE,Unpromoted
Kaden,,Fates,Male,Beaststone,Kitsune,Infantry,Brown,TRUE,Unpromoted
Keaton,,Fates,Male,Beaststone,Wolfskin,Infantry,White|Black,TRUE,Unpromoted
Elise,,Fates,Female,Staff,Troubadour,Cavalry,Yellow|Purple,TRUE,Unpromoted
Arthur(Fates),,Fates,Male,Axe,Fighter,Infantry,Yellow,TRUE,Unpromoted
Effie,,Fates,Female,Lance,Knight,Armored,Gray,TRUE,Unpromoted
Benny,,Fates,Male,Lance,Knight,Armored,Yellow,TRUE,Unpromoted
Charlotte,,Fates,Female,Axe,Fighter,Infantry,Yellow,TRUE,Unpromoted
Silas,,Fates,Male,Sword|Lance,Cavalier,Cavalry,Gray,TRUE,Unpromoted
Nyx,,Fates,Female,Tome,Dark Mage,Infantry,Black,TRUE,Unpromoted
Shura,,Fates,Male,Bow|Staff,Adventurer,Infantry,White|Black,TRUE,Promoted
Ryoma,,Fates,Male,Sword,Swordmaster,Infantry,Brown,TRUE,Promoted
Hinoka,,Fates,Female,Lance,Sky Knight,Flying,Red,TRUE,Unpromoted
Azama,,Fates,Male,Staff,Monk(Fates),Infantry,Brown,TRUE,Unpromoted
Setsuna,,Fates,Female,Bow,Archer,Infantry,Turquoise,TRUE,Unpromoted
Scarlet,,Fates,Female,Lance|Axe,Wyvern Lord,Flying,Yellow,TRUE,Promoted
Xander,,Fates,Male,Sword|Lance,Paladin,Cavalry,Yellow,TRUE,Promoted
Leo,,Fates,Male,Sword|Tome,Dark Knight,Cavalry,Yellow,TRUE,Promoted
Odin,,Fates,Male,Tome,Dark Mage,Infantry,Yellow,TRUE,Unpromoted
Laslow,,Fates,Male,Sword,Mercenary,Infantry,Gray,TRUE,Unpromoted
Peri,,Fates,Female,Sword|Lance,Cavalier,Cavalry,Blue|Pink,TRUE,Unpromoted
Niles,,Fates,Male,Bow,Outlaw,Infantry,White,TRUE,Unpromoted
Fuga,,Fates,Male,Sword|Lance|Axe,Master of Arms,Infantry,Bald,TRUE,Promoted
Flora,,Fates,Female,Dagger|Staff,Maid,Infantry,Blue,TRUE,Promoted
Izana,,Fates,Male,Tome|Staff,Onmyoji,Infantry,White,TRUE,Promoted
Yukimura,,Fates,Male,Dagger|Bow,Mechanist,Puppet,Turquoise,TRUE,Promoted
Mozu,,Fates,Female,Lance,Villager,Infantry,Brown,TRUE,Trainee
Kana,,Fates,Male|Female,Dragonstone|Sword,Nohr Prince/Princess,Infantry,White,TRUE,Unpromoted
Shigure,,Fates,Male,Lance,Sky Knight,Flying,Blue,TRUE,Unpromoted
Dwyer,,Fates,Male,Staff,Troubadour,Cavalry,Gray,TRUE,Unpromoted
Sophie,,Fates,Female,Sword|Lance,Cavalier,Cavalry,Gray,TRUE,Unpromoted
Midori,,Fates,Female,Bow,Apothecary,Infantry,Green,TRUE,Unpromoted
Shiro,,Fates,Male,Lance,Spear Fighter,Infantry,Brown,TRUE,Unpromoted
Kiragi,,Fates,Male,Bow,Archer,Infantry,Beige,TRUE,Unpromoted
Asugi,,Fates,Male,Dagger,Ninja,Infantry,Orange,TRUE,Unpromoted
Selkie,,Fates,Female,Beaststone,Kitsune,Infantry,Yellow|Brown,TRUE,Unpromoted
Hisame,,Fates,Male,Sword,Samurai,Infantry,Brown,TRUE,Unpromoted
Mitama,,Fates,Female,Staff,Shrine Maiden,Infantry,Pink,TRUE,Unpromoted
Caeldori,,Fates,Female,Lance,Sky Knight,Flying,Red,TRUE,Unpromoted
Rhajat,,Fates,Female,Tome,Diviner,Infantry,Black,TRUE,Unpromoted
Siegbert,,Fates,Male,Sword|Lance,Cavalier,Cavalry,Yellow,TRUE,Unpromoted
Forrest,,Fates,Male,Staff,Troubadour,Cavalry,Yellow,TRUE,Unpromoted
Ignatius,,Fates,Male,Lance,Knight,Armored,Yellow,TRUE,Unpromoted
Velouria,,Fates,Female,Beaststone,Wolfskin,Infantry,Gray|Black,TRUE,Unpromoted
Percy,,Fates,Male,Axe,Wyvern Rider,Flying,Yellow,TRUE,Unpromoted
Ophelia,,Fates,Female,Tome,Dark Mage,Infantry,Yellow,TRUE,Unpromoted
Soleil,,Fates,Female,Sword,Mercenary,Infantry,Pink,TRUE,Unpromoted
Nina,,Fates,Female,Bow,Outlaw,Infantry,White,TRUE,Unpromoted
Anna(Fates),,Fates,Female,Bow,Outlaw,Infantry,Red,TRUE,Unpromoted
Byleth,,Three Houses,Male|Female,Sword,Enlightened One,Infantry,Blue,TRUE,Unpromoted
Edelgard,,Three Houses,Female,Axe,Armored Lord,Armored,White,TRUE,Unpromoted
Hubert,,Three Houses,Male,Black Magic,Noble,Infantry,Black,TRUE,Unpromoted
Ferdinand,,Three Houses,Male,Lance,Noble,Infantry,Orange,TRUE,Unpromoted
Linhardt,,Three Houses,Male,White Magic,Noble,Infantry,Green,TRUE,Unpromoted
Caspar,,Three Houses,Male,Axe,Noble,Infantry,Blue,TRUE,Unpromoted
Bernadetta,,Three Houses,Female,Bow,Noble,Infantry,Purple,TRUE,Unpromoted
Dorothea,,Three Houses,Female,Black Magic,Commoner,Infantry,Brown,TRUE,Unpromoted
Petra,,Three Houses,Female,Sword,Commoner,Infantry,Purple,TRUE,Unpromoted
Dimitri,,Three Houses,Male,Lance,High Lord,Infantry,Yellow,TRUE,Unpromoted
Dedue,,Three Houses,Male,Axe,Commoner,Infantry,White,TRUE,Unpromoted
Felix,,Three Houses,Male,Sword,Noble,Infantry,Black,TRUE,Unpromoted
Ashe,,Three Houses,Male,Bow,Commoner,Infantry,Gray,TRUE,Unpromoted
Sylvain,,Three Houses,Male,Lance|Axe,Noble,Infantry,Orange,TRUE,Unpromoted
Mercedes,,Three Houses,Female,White Magic,Commoner,Infantry,Beige,TRUE,Unpromoted
Annette,,Three Houses,Female,Black Magic,Noble,Infantry,Orange,TRUE,Unpromoted
Ingrid,,Three Houses,Female,Lance,Noble,Infantry,Yellow,TRUE,Unpromoted
Claude,,Three Houses,Male,Bow,Wyvern Master,Flying,Brown,TRUE,Unpromoted
Lorenz(Three Houses),,Three Houses,Male,Lance,Noble,Infantry,Purple,TRUE,Unpromoted
Raphael,,Three Houses,Male,Brawling,Commoner,Infantry,Yellow,TRUE,Unpromoted
Ignatz,,Three Houses,Male,Bow,Commoner,Infantry,Green,TRUE,Unpromoted
Lysithea,,Three Houses,Female,Black Magic,Noble,Infantry,White,TRUE,Unpromoted
Marianne,,Three Houses,Female,White Magic,Noble,Infantry,Blue,TRUE,Unpromoted
Hilda,,Three Houses,Female,Axe,Noble,Infantry,Pink,TRUE,Unpromoted
Leonie,,Three Houses,Female,Lance,Commoner,Infantry,Orange,TRUE,Unpromoted
Seteth,,Three Houses,Male,Lance,Wyvern Rider,Flying,Green,TRUE,Promoted
Flayn,,Three Houses,Female,White Magic,Priest,Infantry,Green,TRUE,Promoted
Hanneman,,Three Houses,Male,Black Magic,Mage,Infantry,Gray,TRUE,Promoted
Manuela,,Three Houses,Female,White Magic,Priest,Infantry,Brown,TRUE,Promoted
Gilbert,,Three Houses,Male,Lance|Axe,Fortress Knight,Armored,Orange,TRUE,Promoted
Alois,,Three Houses,Male,Axe|Brawling,Warrior,Infantry,Brown,TRUE,Promoted
Catherine,,Three Houses,Female,Sword,Swordmaster,Infantry,Yellow,TRUE,Promoted
Shamir,,Three Houses,Female,Bow,Sniper,Infantry,Purple,TRUE,Promoted
Cyril,,Three Houses,Male,Axe|Bow,Commoner,Infantry,Black,TRUE,Unpromoted
Jeritza,,Three Houses,Male,Sword|Lance,Death Knight,Cavalry,Beige,TRUE,Unique
Anna(Three Houses),,Three Houses,Female,Sword|Bow,Myrmidon,Infantry,Red,TRUE,Unpromoted
Yuri,,Three Houses,Male,Sword|White Magic,Trickster,Infantry,Purple,TRUE,Promoted
Balthus,,Three Houses,Male,Brawling|Axe,War Monk,Infantry,Black,TRUE,Promoted
Constance,,Three Houses,Female,Black Magic,Dark Flyier,Flying,Yellow|Purple,TRUE,Promoted
Hapi,,Three Houses,Female,Black Magic,Valkyrie,Cavalry,Red,TRUE,Promoted
Alear,,Engage,Male|Female,Sword,Dragon Child,Infantry,Red|Blue,TRUE,Unpromoted
Vander,,Engage,Male,Axe,Paladin,Cavalry,White,TRUE,Promoted
Clanne,,Engage,Male,Tome,Mage,Infantry,Beige,TRUE,Unpromoted
Framme,,Engage,Female,Staff|Arts,Martial Monk,Infantry,Beige,TRUE,Unpromoted
Alfred,,Engage,Male,Lance,Noble(Alfred),Cavalry,Yellow,TRUE,Unpromoted
Etie,,Engage,Female,Bow,Archer,Infantry,Orange,TRUE,Unpromoted
Boucheron,,Engage,Male,Axe,Axe Fighter,Infantry,Brown,TRUE,Unpromoted
Céline,,Engage,Female,Sword|Tome,Noble(Céline),Infantry,Yellow,TRUE,Unpromoted
Chloé,,Engage,Female,Lance,Lance Flier,Flying,Blue,TRUE,Unpromoted
Louis,,Engage,Male,Lance,Lance Armor,Armored,Black,TRUE,Unpromoted
Yunaka,,Engage,Female,Dagger,Thief,Infantry,Red,TRUE,Unpromoted
Alcryst,,Engage,Male,Bow,Lord(Alcryst),Infantry,Blue,TRUE,Unpromoted
Citrinne,,Engage,Female,Tome,Mage,Infantry,Yellow,TRUE,Unpromoted
Lapis,,Engage,Female,Sword,Sword Fighter,Infantry,Pink,TRUE,Unpromoted
Diamant,,Engage,Male,Sword,Lord(Diamant),Infantry,Red,TRUE,Unpromoted
Amber,,Engage,Male,Lance,Lance Cavalier,Cavalry,Yellow,TRUE,Unpromoted
Jade,,Engage,Female,Axe,Axe Armor,Armored,Yellow,TRUE,Unpromoted
Ivy,,Engage,Female,Tome|Staff,Wing Tamer,Flying,Purple,TRUE,Unpromoted
Kagetsu,,Engage,Male,Sword,Swordmaster,Infantry,Blue,TRUE,Promoted
Zelkov,,Engage,Male,Dagger,Thief,Infantry,Black,TRUE,Unpromoted
Fogado,,Engage,Male,Bow,Sentinel(Fogado),Cavalry,Black,TRUE,Unpromoted
Pandreo,,Engage,Male,Tome|Staff|Arts,High Priest,Infantry,Orange,TRUE,Promoted
Bunet,,Engage,Male,Sword|Axe,Great Knight,Cavalry|Armored,Yellow,TRUE,Promoted
Timerra,,Engage,Female,Lance,Sentinel(Timerra),Infantry,Black,TRUE,Unpromoted
Panette,,Engage,Female,Axe,Berserker,Infantry,Orange,TRUE,Promoted
Merrin,,Engage,Female,Sword|Dagger,Wolf Knight,Cavalry,Yellow,TRUE,Promoted
Hortensia,,Engage,Female,Tome|Staff,Wing Tamer,Flying,Pink|White,TRUE,Unpromoted
Seadall,,Engage,Male,Arts,Dancer,Infantry,Black,TRUE,Unique
Rosado,,Engage,Male,Lance|Axe,Wyvern Knight,Flying,Blue|Pink,TRUE,Unpromoted
Goldmary,,Engage,Female,Sword|Lance,Hero,Infantry,Brown,TRUE,Promoted
Lindon,,Engage,Male,Tome|Staff,Sage,Infantry,White,TRUE,Promoted
Saphir,,Engage,Female,Axe|Bow,Warrior,Infantry,White,TRUE,Promoted
Mauvier,,Engage,Male,Lance|Staff,Royal Knight,Cavalry,Gray,TRUE,Promoted
Vayle,,Engage,Female,Tome|Dagger,Fell Child,Infantry,Black|White,TRUE,Unique
Jean,,Engage,Male,Staff|Arts,Martial Monk,Infantry,Blue,TRUE,Unpromoted
Anna(Engage),,Engage,Female,Axe,Axe Fighter,Infantry,Red,TRUE,Unpromoted
Nel,,Engage,Female,Lance|Dragonstone,Fell Child,Infantry,Black,TRUE,Unique
Rafal,,Engage,Male,Axe|Dragonstone,Fell Child,Infantry,White,TRUE,Unique
Zelestia,,Engage,Female,Sword|Tome,Melusine,Flying,White,TRUE,Unique
Gregory,,Engage,Male,Tome|Staff,Sage,Infantry,Green,TRUE,Promoted
Madeline,,Engage,Female,Axe,General,Armored,Yellow,TRUE,Promoted